{
  "sounds": {
    "suspense.nether": 1,
    "unknown.suspense": 1,
    "dark.suspense": 1,
    "deep.cave": 0,
    "wind.wind": 1,
    "underwater.underwater": 0.3025830388069153,
    "underwater.underwater-deep": 0.3025830388069153,
    "rain.rain": 0.7011070251464844,
    "storm.close.storm-close": 1,
    "storm.close.wind": 1,
    "storm.away.storm-away": 1,
    "storm.away.howling-wind": 1,
    "underworld.underworld": 1,
    "cave.ambience.cave": 0,
    "cave.ambience.cave-water": 0,
    "cave.ambience.cave-deep": 0,
    "cave.ambience.cave-large": 0,
    "cave.lush.cave-lush": 0.49815496802330017,
    "cave.lush.frog": 0.509225070476532,
    "sky.light-wind": 1,
    "forest.bird-ambience": 0.45018449425697327,
    "forest.owl": 0.45018449425697327,
    "forest.cold.crow": 0.14760147035121918,
    "taiga.bird-ambience-huge": 0.3505535125732422,
    "highland.heavy-wind": 1,
    "highland.wind-in-leaves": 1,
    "mesa.wind-mesa": 1,
    "forest.roofed.bird-ambience-spooky": 0.49815496802330017,
    "grass.cricket": 0.7011070251464844,
    "grass.cricket-night": 0.6974169611930847,
    "grass.cicadas-night": 0.6937269568443298,
    "plains.cricket": 0.6937269568443298,
    "plains.cricket-night": 0.6974169611930847,
    "plains.cicadas-night": 0.6974169611930847,
    "savanna.cricket": 0.6937269568443298,
    "savanna.cicadas": 0.6974169611930847,
    "savanna.cicadas-desert": 0.7047970294952393,
    "savanna.cricket-warm-night": 0.5498154759407043,
    "savanna.wolf": 0.5018450021743774,
    "savanna.bird-warm": 0.5055350661277771,
    "desert.cicadas-desert": 0.6937269568443298,
    "desert.light-wind": 1,
    "swamp.cricket-swamp": 0.6900368928909302,
    "swamp.cricket-warm-night": 0.6863468885421753,
    "swamp.frog": 0.6014760136604309,
    "jungle.cricket-jungle": 0,
    "jungle.cricket-jungle-night": 0,
    "jungle.bird-ambience-jungle": 0.49077489972114563,
    "jungle.bird-ambience-jungle-night": 0.4833948314189911,
    "cold.light-wind": 1,
    "beach.beach": 1,
    "beach.seagull": 0.7453874349594116,
    "beach.seagull-long": 0.5977859497070312,
    "ocean.ocean": 1,
    "ocean.light-wind": 1
  },
  "dimensions": {
    "nether": 1,
    "end": 1,
    "abyssalcraft": 1,
    "void": 1,
    "twilightforest": 1,
    "betweenlands": 1,
    "cave": 1,
    "midnight": 1,
    "galacticraft": 1,
    "galacticraft.planets": 1,
    "surface": 1
  },
  "silent-dimensions": [],
  "general": {
    "engine": "default"
  }
}